row,agro_cols,host_cols,agro_seas,climate_cols,type,var,rel.inf
1,1,0,0,0,human,percent.of.population.working.in.agriculture,47.3779467662218
1,1,0,0,0,human,Number.of.bean.farms,12.8747457501399
1,1,0,0,0,human,Number.of.corn.farms,10.7546797203732
1,1,0,0,0,human,Number.of.soya.farms,8.65609209694214
1,1,0,0,0,human,Number.of.rice.farms,8.37611983560242
1,1,0,0,0,human,Number.of.peanut.farms,7.35337243599494
1,1,0,0,0,human,Number.of.sorghum.farms,2.49223085555874
1,1,0,0,0,human,Number.of.wheat.farms,1.26196008375555
1,1,0,0,0,human,Number.of.castor.bean.farms,0.852852455411303
1,1,0,0,0,NHP,percent.of.population.working.in.agriculture,31.9552129723808
1,1,0,0,0,NHP,Number.of.bean.farms,12.2476164695451
1,1,0,0,0,NHP,Number.of.peanut.farms,10.4373200120746
1,1,0,0,0,NHP,Number.of.soya.farms,10.0325403597054
1,1,0,0,0,NHP,Number.of.sorghum.farms,10.0096634998176
1,1,0,0,0,NHP,Number.of.rice.farms,8.89303433443176
1,1,0,0,0,NHP,Number.of.corn.farms,8.66435120949074
1,1,0,0,0,NHP,Number.of.wheat.farms,6.73852558886703
1,1,0,0,0,NHP,Number.of.castor.bean.farms,1.02173555368699
1,1,0,0,0,both,percent.of.population.working.in.agriculture,42.5067191996223
1,1,0,0,0,both,Number.of.corn.farms,21.1669565044676
1,1,0,0,0,both,Number.of.bean.farms,12.8826021549282
1,1,0,0,0,both,Number.of.peanut.farms,8.96072667963177
1,1,0,0,0,both,Number.of.soya.farms,5.25397341894794
1,1,0,0,0,both,Number.of.sorghum.farms,4.61446199802679
1,1,0,0,0,both,Number.of.rice.farms,2.7650530708077
1,1,0,0,0,both,Number.of.castor.bean.farms,1.45630036156569
1,1,0,0,0,both,Number.of.wheat.farms,0.393206612001954
2,0,1,0,0,human,Logarithm.of.total.population,63.1868818231465
2,0,1,0,0,human,Number.of.NHP.species,36.8131181768535
2,0,1,0,0,NHP,Logarithm.of.total.population,85.0541229218397
2,0,1,0,0,NHP,Number.of.NHP.species,14.9458770781603
2,0,1,0,0,both,Logarithm.of.total.population,83.9681851831791
2,0,1,0,0,both,Number.of.NHP.species,16.031814816821
3,1,1,0,0,human,Logarithm.of.total.population,26.6275028544195
3,1,1,0,0,human,Number.of.NHP.species,23.8246528664121
3,1,1,0,0,human,percent.of.population.working.in.agriculture,17.1907791518075
3,1,1,0,0,human,Number.of.bean.farms,8.61320491795109
3,1,1,0,0,human,Number.of.rice.farms,8.25642564779422
3,1,1,0,0,human,Number.of.soya.farms,5.79844049841037
3,1,1,0,0,human,Number.of.corn.farms,4.45788181754263
3,1,1,0,0,human,Number.of.peanut.farms,2.83263158503015
3,1,1,0,0,human,Number.of.sorghum.farms,2.04230815875196
3,1,1,0,0,human,Number.of.wheat.farms,0.182314902850906
3,1,1,0,0,human,Number.of.castor.bean.farms,0.173857599029526
3,1,1,0,0,NHP,Logarithm.of.total.population,34.6898996271927
3,1,1,0,0,NHP,Number.of.sorghum.farms,14.9992345181407
3,1,1,0,0,NHP,Number.of.rice.farms,9.91648078397266
3,1,1,0,0,NHP,percent.of.population.working.in.agriculture,9.78903442199327
3,1,1,0,0,NHP,Number.of.NHP.species,7.73361496798257
3,1,1,0,0,NHP,Number.of.peanut.farms,6.91017475416402
3,1,1,0,0,NHP,Number.of.bean.farms,4.58932796331795
3,1,1,0,0,NHP,Number.of.corn.farms,4.48880225681157
3,1,1,0,0,NHP,Number.of.soya.farms,4.39166081480093
3,1,1,0,0,NHP,Number.of.wheat.farms,2.14961138478602
3,1,1,0,0,NHP,Number.of.castor.bean.farms,0.342158506837601
3,1,1,0,0,both,Logarithm.of.total.population,39.8779164449158
3,1,1,0,0,both,percent.of.population.working.in.agriculture,18.0839403629374
3,1,1,0,0,both,Number.of.bean.farms,12.0345777317186
3,1,1,0,0,both,Number.of.NHP.species,8.85971934592395
3,1,1,0,0,both,Number.of.corn.farms,6.28098267039587
3,1,1,0,0,both,Number.of.rice.farms,4.09144041302621
3,1,1,0,0,both,Number.of.peanut.farms,3.95748436471367
3,1,1,0,0,both,Number.of.sorghum.farms,3.66548100402887
3,1,1,0,0,both,Number.of.soya.farms,1.3185649993308
3,1,1,0,0,both,Number.of.wheat.farms,1.20381011171929
3,1,1,0,0,both,Number.of.castor.bean.farms,0.626082551289519
4,0,0,1,0,human,Rice.harvesting,28.4471436221372
4,0,0,1,0,human,Corn.planting,28.1683421794351
4,0,0,1,0,human,Peanut.planting,16.2170596445145
4,0,0,1,0,human,Corn.harvesting,11.0412587900746
4,0,0,1,0,human,Peanut.harvesting,4.25743976671916
4,0,0,1,0,human,Bean.planting,3.32182462155075
4,0,0,1,0,human,Bean.harvesting,2.2613547621787
4,0,0,1,0,human,Sorghum.harvesting,1.51625514021973
4,0,0,1,0,human,Soya.harvesting,1.29004138912244
4,0,0,1,0,human,Rice.planting,1.18520634429594
4,0,0,1,0,human,Castor.bean.harvesting,0.876561439269913
4,0,0,1,0,human,Sorghum.planting,0.640238943335725
4,0,0,1,0,human,Soya.planting,0.341839730495473
4,0,0,1,0,human,Castor.bean.planting,0.315583481298232
4,0,0,1,0,human,Wheat.planting,0.119850145352542
4,0,0,1,0,human,Wheat.harvesting,0
4,0,0,1,0,NHP,Rice.harvesting,20.6528059796067
4,0,0,1,0,NHP,Peanut.planting,18.7761822682309
4,0,0,1,0,NHP,Corn.harvesting,13.8871408282977
4,0,0,1,0,NHP,Corn.planting,9.06013810650079
4,0,0,1,0,NHP,Peanut.harvesting,7.83929764359594
4,0,0,1,0,NHP,Sorghum.harvesting,6.80402564800116
4,0,0,1,0,NHP,Bean.planting,6.39357990448517
4,0,0,1,0,NHP,Bean.harvesting,4.08354411917459
4,0,0,1,0,NHP,Rice.planting,3.75546661619185
4,0,0,1,0,NHP,Castor.bean.harvesting,3.6815721258708
4,0,0,1,0,NHP,Wheat.planting,3.09580231754739
4,0,0,1,0,NHP,Soya.harvesting,0.697156615826242
4,0,0,1,0,NHP,Sorghum.planting,0.590345961478162
4,0,0,1,0,NHP,Castor.bean.planting,0.321221013234941
4,0,0,1,0,NHP,Wheat.harvesting,0.210886321275429
4,0,0,1,0,NHP,Soya.planting,0.15083453068222
4,0,0,1,0,both,Corn.harvesting,24.4120563210712
4,0,0,1,0,both,Rice.harvesting,18.173535271219
4,0,0,1,0,both,Peanut.planting,13.380858795043
4,0,0,1,0,both,Corn.planting,11.9370002443771
4,0,0,1,0,both,Bean.harvesting,6.38615713506973
4,0,0,1,0,both,Bean.planting,5.90601224914991
4,0,0,1,0,both,Rice.planting,4.91613467296422
4,0,0,1,0,both,Sorghum.harvesting,4.46032899681736
4,0,0,1,0,both,Peanut.harvesting,3.248765489181
4,0,0,1,0,both,Soya.harvesting,2.64446641206496
4,0,0,1,0,both,Castor.bean.harvesting,2.50376607772157
4,0,0,1,0,both,Sorghum.planting,0.745914155790255
4,0,0,1,0,both,Soya.planting,0.62588002082908
4,0,0,1,0,both,Castor.bean.planting,0.36771288768191
4,0,0,1,0,both,Wheat.planting,0.264372486976318
4,0,0,1,0,both,Wheat.harvesting,0.0270387840433766
5,1,0,1,0,human,percent.of.population.working.in.agriculture,22.783314244397
5,1,0,1,0,human,Rice.harvesting,11.2766146166531
5,1,0,1,0,human,Corn.planting,10.4040923794517
5,1,0,1,0,human,Number.of.bean.farms,10.3321726307566
5,1,0,1,0,human,Peanut.planting,8.86293607302248
5,1,0,1,0,human,Number.of.corn.farms,8.42174373416274
5,1,0,1,0,human,Corn.harvesting,6.7755342253341
5,1,0,1,0,human,Number.of.soya.farms,6.20731491157587
5,1,0,1,0,human,Peanut.harvesting,3.28321134136247
5,1,0,1,0,human,Number.of.sorghum.farms,3.20400148252578
5,1,0,1,0,human,Number.of.peanut.farms,2.03884174693659
5,1,0,1,0,human,Bean.planting,1.60163757395949
5,1,0,1,0,human,Sorghum.harvesting,1.5493931493185
5,1,0,1,0,human,Number.of.rice.farms,1.16308450892395
5,1,0,1,0,human,Bean.harvesting,0.677230762857459
5,1,0,1,0,human,Number.of.castor.bean.farms,0.546531102043966
5,1,0,1,0,human,Number.of.wheat.farms,0.461935181134485
5,1,0,1,0,human,Rice.planting,0.197343138997202
5,1,0,1,0,human,Soya.harvesting,0.174478940123465
5,1,0,1,0,human,Soya.planting,0.0161034458136849
5,1,0,1,0,human,Castor.bean.planting,0.0145431435580433
5,1,0,1,0,human,Castor.bean.harvesting,0.00794166709130469
5,1,0,1,0,human,Wheat.planting,0
5,1,0,1,0,human,Wheat.harvesting,0
5,1,0,1,0,human,Sorghum.planting,0
5,1,0,1,0,NHP,percent.of.population.working.in.agriculture,23.5688390365466
5,1,0,1,0,NHP,Number.of.bean.farms,10.5435363082113
5,1,0,1,0,NHP,Number.of.soya.farms,9.27809166106889
5,1,0,1,0,NHP,Number.of.peanut.farms,8.56201324186593
5,1,0,1,0,NHP,Number.of.corn.farms,7.38237761244715
5,1,0,1,0,NHP,Rice.harvesting,7.09780703555546
5,1,0,1,0,NHP,Number.of.rice.farms,6.70878437417913
5,1,0,1,0,NHP,Number.of.sorghum.farms,5.99749681901164
5,1,0,1,0,NHP,Corn.planting,5.05416490380855
5,1,0,1,0,NHP,Peanut.planting,4.52094631089311
5,1,0,1,0,NHP,Corn.harvesting,3.16618980195113
5,1,0,1,0,NHP,Number.of.wheat.farms,2.83122937999196
5,1,0,1,0,NHP,Peanut.harvesting,1.42698744493405
5,1,0,1,0,NHP,Bean.planting,1.08762363506326
5,1,0,1,0,NHP,Castor.bean.harvesting,0.888602256314577
5,1,0,1,0,NHP,Bean.harvesting,0.768994844507245
5,1,0,1,0,NHP,Number.of.castor.bean.farms,0.420513071155871
5,1,0,1,0,NHP,Sorghum.harvesting,0.218251571350348
5,1,0,1,0,NHP,Rice.planting,0.162992287410907
5,1,0,1,0,NHP,Wheat.planting,0.0870802077948037
5,1,0,1,0,NHP,Soya.harvesting,0.0845551809128688
5,1,0,1,0,NHP,Wheat.harvesting,0.057488496902036
5,1,0,1,0,NHP,Sorghum.planting,0.0567058915834627
5,1,0,1,0,NHP,Castor.bean.planting,0.0221420931094645
5,1,0,1,0,NHP,Soya.planting,0.00658653343028232
5,1,0,1,0,both,percent.of.population.working.in.agriculture,33.2680403292744
5,1,0,1,0,both,Number.of.corn.farms,16.5056565526083
5,1,0,1,0,both,Number.of.bean.farms,9.03956318696839
5,1,0,1,0,both,Corn.harvesting,8.37209373900148
5,1,0,1,0,both,Number.of.peanut.farms,6.60577971004525
5,1,0,1,0,both,Number.of.soya.farms,5.38499369347688
5,1,0,1,0,both,Rice.harvesting,3.18160859143711
5,1,0,1,0,both,Corn.planting,3.05503420326639
5,1,0,1,0,both,Number.of.sorghum.farms,2.74923542545614
5,1,0,1,0,both,Bean.planting,2.58758925343789
5,1,0,1,0,both,Peanut.planting,2.14106147899274
5,1,0,1,0,both,Bean.harvesting,1.76398951298232
5,1,0,1,0,both,Peanut.harvesting,1.19789167856559
5,1,0,1,0,both,Number.of.castor.bean.farms,1.18228741972717
5,1,0,1,0,both,Number.of.rice.farms,1.05870345218381
5,1,0,1,0,both,Rice.planting,0.81065970968237
5,1,0,1,0,both,Castor.bean.harvesting,0.530190059266507
5,1,0,1,0,both,Sorghum.harvesting,0.234681289350235
5,1,0,1,0,both,Number.of.wheat.farms,0.181129776059411
5,1,0,1,0,both,Sorghum.planting,0.0880681645634959
5,1,0,1,0,both,Soya.harvesting,0.0617427736541564
5,1,0,1,0,both,Wheat.planting,0
5,1,0,1,0,both,Wheat.harvesting,0
5,1,0,1,0,both,Castor.bean.planting,0
5,1,0,1,0,both,Soya.planting,0
6,0,1,1,0,human,Logarithm.of.total.population,30.3111724420763
6,0,1,1,0,human,Number.of.NHP.species,16.6944811236838
6,0,1,1,0,human,Rice.harvesting,15.2089778202602
6,0,1,1,0,human,Peanut.planting,9.4965754250009
6,0,1,1,0,human,Corn.planting,8.35549019356274
6,0,1,1,0,human,Peanut.harvesting,7.16878985782666
6,0,1,1,0,human,Corn.harvesting,4.98662574053076
6,0,1,1,0,human,Bean.planting,3.62141801167731
6,0,1,1,0,human,Sorghum.harvesting,1.55262938163509
6,0,1,1,0,human,Rice.planting,1.07752493255377
6,0,1,1,0,human,Bean.harvesting,1.04174729218845
6,0,1,1,0,human,Soya.harvesting,0.232728692736231
6,0,1,1,0,human,Castor.bean.planting,0.208558582258743
6,0,1,1,0,human,Castor.bean.harvesting,0.0266327189529671
6,0,1,1,0,human,Sorghum.planting,0.00864617594578613
6,0,1,1,0,human,Soya.planting,0.00800160911026739
6,0,1,1,0,human,Wheat.planting,0
6,0,1,1,0,human,Wheat.harvesting,0
6,0,1,1,0,NHP,Logarithm.of.total.population,58.4360017075995
6,0,1,1,0,NHP,Number.of.NHP.species,12.8005450403263
6,0,1,1,0,NHP,Rice.harvesting,8.98736595315956
6,0,1,1,0,NHP,Peanut.planting,7.39524966836686
6,0,1,1,0,NHP,Corn.harvesting,2.34027916293211
6,0,1,1,0,NHP,Bean.planting,2.29043072806208
6,0,1,1,0,NHP,Corn.planting,2.26784834610668
6,0,1,1,0,NHP,Rice.planting,1.41722648986269
6,0,1,1,0,NHP,Peanut.harvesting,1.25850332438368
6,0,1,1,0,NHP,Bean.harvesting,0.870635951494334
6,0,1,1,0,NHP,Castor.bean.harvesting,0.643014076018825
6,0,1,1,0,NHP,Castor.bean.planting,0.486889740360214
6,0,1,1,0,NHP,Sorghum.harvesting,0.370122626349987
6,0,1,1,0,NHP,Soya.planting,0.153099935335374
6,0,1,1,0,NHP,Soya.harvesting,0.121532853322192
6,0,1,1,0,NHP,Wheat.planting,0.0924565093196364
6,0,1,1,0,NHP,Sorghum.planting,0.0687978870000342
6,0,1,1,0,NHP,Wheat.harvesting,0
6,0,1,1,0,both,Logarithm.of.total.population,52.8217916835316
6,0,1,1,0,both,Number.of.NHP.species,10.8847807251064
6,0,1,1,0,both,Corn.planting,9.45663352535706
6,0,1,1,0,both,Corn.harvesting,6.03845476494283
6,0,1,1,0,both,Rice.harvesting,6.01668509518022
6,0,1,1,0,both,Bean.planting,5.66361830172317
6,0,1,1,0,both,Peanut.planting,2.95332426867951
6,0,1,1,0,both,Bean.harvesting,2.94931379380804
6,0,1,1,0,both,Peanut.harvesting,1.8889712501406
6,0,1,1,0,both,Rice.planting,0.697977285974497
6,0,1,1,0,both,Sorghum.harvesting,0.430615427794876
6,0,1,1,0,both,Soya.harvesting,0.109188134446402
6,0,1,1,0,both,Sorghum.planting,0.0328254220205866
6,0,1,1,0,both,Castor.bean.planting,0.0279677852766256
6,0,1,1,0,both,Soya.planting,0.0221465577326049
6,0,1,1,0,both,Castor.bean.harvesting,0.00570597828505579
6,0,1,1,0,both,Wheat.planting,0
6,0,1,1,0,both,Wheat.harvesting,0
7,1,1,1,0,human,Logarithm.of.total.population,14.9171377539027
7,1,1,1,0,human,Number.of.NHP.species,11.1581283726266
7,1,1,1,0,human,Rice.harvesting,9.51304120648407
7,1,1,1,0,human,percent.of.population.working.in.agriculture,9.46676152831932
7,1,1,1,0,human,Number.of.bean.farms,8.73818714818078
7,1,1,1,0,human,Peanut.planting,8.52814509734504
7,1,1,1,0,human,Corn.planting,6.46942435591568
7,1,1,1,0,human,Peanut.harvesting,5.85557693736224
7,1,1,1,0,human,Corn.harvesting,5.21090534851253
7,1,1,1,0,human,Number.of.corn.farms,4.35742348087119
7,1,1,1,0,human,Number.of.soya.farms,3.74200426321984
7,1,1,1,0,human,Bean.planting,2.50776453580411
7,1,1,1,0,human,Number.of.rice.farms,2.34598989539938
7,1,1,1,0,human,Number.of.peanut.farms,1.58697272721683
7,1,1,1,0,human,Number.of.sorghum.farms,1.5862113461827
7,1,1,1,0,human,Bean.harvesting,1.37394543326704
7,1,1,1,0,human,Sorghum.harvesting,1.35560057654153
7,1,1,1,0,human,Rice.planting,0.565860032949552
7,1,1,1,0,human,Number.of.castor.bean.farms,0.543128953127817
7,1,1,1,0,human,Number.of.wheat.farms,0.131050237600826
7,1,1,1,0,human,Soya.harvesting,0.038728083795592
7,1,1,1,0,human,Castor.bean.harvesting,0.00801268537462231
7,1,1,1,0,human,Wheat.planting,0
7,1,1,1,0,human,Wheat.harvesting,0
7,1,1,1,0,human,Castor.bean.planting,0
7,1,1,1,0,human,Sorghum.planting,0
7,1,1,1,0,human,Soya.planting,0
7,1,1,1,0,NHP,Logarithm.of.total.population,27.3385561995664
7,1,1,1,0,NHP,Number.of.sorghum.farms,10.5002289424949
7,1,1,1,0,NHP,Number.of.rice.farms,8.27637469033135
7,1,1,1,0,NHP,Rice.harvesting,6.42335238067909
7,1,1,1,0,NHP,Number.of.NHP.species,6.36142901658807
7,1,1,1,0,NHP,percent.of.population.working.in.agriculture,5.80558226658945
7,1,1,1,0,NHP,Number.of.peanut.farms,5.74022285898189
7,1,1,1,0,NHP,Peanut.planting,5.46813925107317
7,1,1,1,0,NHP,Number.of.bean.farms,4.40613129595146
7,1,1,1,0,NHP,Number.of.soya.farms,4.19290796594176
7,1,1,1,0,NHP,Number.of.corn.farms,3.5572305447165
7,1,1,1,0,NHP,Corn.planting,3.44016089738746
7,1,1,1,0,NHP,Corn.harvesting,1.95553785009912
7,1,1,1,0,NHP,Number.of.wheat.farms,1.53353357061429
7,1,1,1,0,NHP,Bean.planting,1.2563994085421
7,1,1,1,0,NHP,Peanut.harvesting,1.20785332807702
7,1,1,1,0,NHP,Bean.harvesting,0.819172583097612
7,1,1,1,0,NHP,Castor.bean.harvesting,0.645910493246443
7,1,1,1,0,NHP,Rice.planting,0.541292719835945
7,1,1,1,0,NHP,Castor.bean.planting,0.297110149045441
7,1,1,1,0,NHP,Sorghum.planting,0.115078456180124
7,1,1,1,0,NHP,Number.of.castor.bean.farms,0.0574133811045014
7,1,1,1,0,NHP,Sorghum.harvesting,0.0368474381389557
7,1,1,1,0,NHP,Wheat.harvesting,0.0235343117169436
7,1,1,1,0,NHP,Wheat.planting,0
7,1,1,1,0,NHP,Soya.planting,0
7,1,1,1,0,NHP,Soya.harvesting,0
7,1,1,1,0,both,Logarithm.of.total.population,25.7197016742555
7,1,1,1,0,both,percent.of.population.working.in.agriculture,12.2995813734419
7,1,1,1,0,both,Number.of.bean.farms,10.1175975818551
7,1,1,1,0,both,Number.of.NHP.species,7.23019880882818
7,1,1,1,0,both,Number.of.corn.farms,6.56266912108065
7,1,1,1,0,both,Corn.harvesting,6.50639780847655
7,1,1,1,0,both,Corn.planting,5.53231951297439
7,1,1,1,0,both,Bean.planting,3.66093487664536
7,1,1,1,0,both,Rice.harvesting,3.42213687502687
7,1,1,1,0,both,Peanut.planting,3.35705501394213
7,1,1,1,0,both,Number.of.sorghum.farms,3.32453474876735
7,1,1,1,0,both,Number.of.peanut.farms,2.94634871776211
7,1,1,1,0,both,Bean.harvesting,2.52436700751777
7,1,1,1,0,both,Number.of.rice.farms,1.63769218107721
7,1,1,1,0,both,Peanut.harvesting,1.54800265371548
7,1,1,1,0,both,Number.of.soya.farms,1.46720843795591
7,1,1,1,0,both,Number.of.wheat.farms,0.938256822245428
7,1,1,1,0,both,Rice.planting,0.416649117752502
7,1,1,1,0,both,Castor.bean.harvesting,0.280994317858086
7,1,1,1,0,both,Number.of.castor.bean.farms,0.280055252335555
7,1,1,1,0,both,Sorghum.harvesting,0.139365984030313
7,1,1,1,0,both,Soya.harvesting,0.0618438616496667
7,1,1,1,0,both,Sorghum.planting,0.0226354680891555
7,1,1,1,0,both,Castor.bean.planting,0.00345278271684388
7,1,1,1,0,both,Wheat.planting,0
7,1,1,1,0,both,Wheat.harvesting,0
7,1,1,1,0,both,Soya.planting,0
8,0,0,0,1,human,Night.temperature,20.7272807684225
8,0,0,0,1,human,Rainfall,18.524281964334
8,0,0,0,1,human,Diurnal.Nocturnal.temperature.range,14.1774831337612
8,0,0,0,1,human,EVI,10.7148068083408
8,0,0,0,1,human,Day.temperature.delay.by.1.month,7.08615630781732
8,0,0,0,1,human,Day.temperature,6.88443168122078
8,0,0,0,1,human,Rainfall.delay.by.2.month,3.46141105952122
8,0,0,0,1,human,Diurnal.Nocturnal.temperature.range.delay.by.2.month,3.24670911698242
8,0,0,0,1,human,Night.temperature.delay.by.1.month,2.69264036578632
8,0,0,0,1,human,Day.temperature.delay.by.2.month,2.61503687453433
8,0,0,0,1,human,Rainfall.delay.by.1.month,2.55980259081866
8,0,0,0,1,human,EVI.delay.by.1.month,2.49501583839241
8,0,0,0,1,human,Night.temperature.delay.by.2.month,2.03376842689766
8,0,0,0,1,human,Diurnal.Nocturnal.temperature.range.delay.by.1.month,1.49873757359428
8,0,0,0,1,human,EVI.delay.by.2.month,1.28243748957607
8,0,0,0,1,NHP,Rainfall,15.1124956933898
8,0,0,0,1,NHP,Night.temperature,14.8120559956689
8,0,0,0,1,NHP,EVI,13.2693563175386
8,0,0,0,1,NHP,Diurnal.Nocturnal.temperature.range,13.2615591351348
8,0,0,0,1,NHP,Day.temperature,10.716986023919
8,0,0,0,1,NHP,Night.temperature.delay.by.1.month,5.83539896944984
8,0,0,0,1,NHP,Day.temperature.delay.by.1.month,3.74412918629744
8,0,0,0,1,NHP,Rainfall.delay.by.2.month,3.62714602698821
8,0,0,0,1,NHP,Diurnal.Nocturnal.temperature.range.delay.by.2.month,3.53725404887351
8,0,0,0,1,NHP,EVI.delay.by.1.month,3.25311210126824
8,0,0,0,1,NHP,Night.temperature.delay.by.2.month,3.00097041899508
8,0,0,0,1,NHP,Day.temperature.delay.by.2.month,2.69652785904878
8,0,0,0,1,NHP,Rainfall.delay.by.1.month,2.68241498862477
8,0,0,0,1,NHP,Diurnal.Nocturnal.temperature.range.delay.by.1.month,2.33652948232133
8,0,0,0,1,NHP,EVI.delay.by.2.month,2.11406375248181
8,0,0,0,1,both,Night.temperature,17.4033131535249
8,0,0,0,1,both,Diurnal.Nocturnal.temperature.range,15.3733474552144
8,0,0,0,1,both,EVI,11.4723213597617
8,0,0,0,1,both,Rainfall,10.6421813925795
8,0,0,0,1,both,Day.temperature.delay.by.1.month,6.98608750515907
8,0,0,0,1,both,Day.temperature,5.89348720229436
8,0,0,0,1,both,Night.temperature.delay.by.1.month,5.51000417906342
8,0,0,0,1,both,EVI.delay.by.1.month,5.01753556010088
8,0,0,0,1,both,Rainfall.delay.by.2.month,3.9739843443853
8,0,0,0,1,both,Diurnal.Nocturnal.temperature.range.delay.by.2.month,3.7854445416719
8,0,0,0,1,both,Night.temperature.delay.by.2.month,3.59548151002229
8,0,0,0,1,both,Rainfall.delay.by.1.month,3.4376183570582
8,0,0,0,1,both,Day.temperature.delay.by.2.month,3.3606142289456
8,0,0,0,1,both,Diurnal.Nocturnal.temperature.range.delay.by.1.month,1.87519414287855
8,0,0,0,1,both,EVI.delay.by.2.month,1.6733850673399
9,1,0,0,1,human,Night.temperature,19.5013714048946
9,1,0,0,1,human,Rainfall,11.570128581671
9,1,0,0,1,human,percent.of.population.working.in.agriculture,10.993348068966
9,1,0,0,1,human,EVI,10.5976778908655
9,1,0,0,1,human,Diurnal.Nocturnal.temperature.range,8.50666871565368
9,1,0,0,1,human,Number.of.soya.farms,8.29119146960143
9,1,0,0,1,human,Number.of.bean.farms,7.11017098724535
9,1,0,0,1,human,Day.temperature.delay.by.1.month,5.20070384903912
9,1,0,0,1,human,Day.temperature,3.39306584306833
9,1,0,0,1,human,Number.of.corn.farms,2.28300745773631
9,1,0,0,1,human,Night.temperature.delay.by.1.month,1.60265703205924
9,1,0,0,1,human,Day.temperature.delay.by.2.month,1.56718768344025
9,1,0,0,1,human,Rainfall.delay.by.1.month,1.52544792367133
9,1,0,0,1,human,Rainfall.delay.by.2.month,1.1447427299292
9,1,0,0,1,human,Night.temperature.delay.by.2.month,1.13628897348788
9,1,0,0,1,human,EVI.delay.by.1.month,1.13296504234324
9,1,0,0,1,human,Diurnal.Nocturnal.temperature.range.delay.by.2.month,1.12063797336721
9,1,0,0,1,human,Diurnal.Nocturnal.temperature.range.delay.by.1.month,0.926964702054121
9,1,0,0,1,human,Number.of.rice.farms,0.913129333572264
9,1,0,0,1,human,EVI.delay.by.2.month,0.873406465183016
9,1,0,0,1,human,Number.of.sorghum.farms,0.263263584201218
9,1,0,0,1,human,Number.of.castor.bean.farms,0.211182943208786
9,1,0,0,1,human,Number.of.peanut.farms,0.112416520966746
9,1,0,0,1,human,Number.of.wheat.farms,0.022374823774145
9,1,0,0,1,NHP,percent.of.population.working.in.agriculture,14.0518345034465
9,1,0,0,1,NHP,Night.temperature,10.5113713973579
9,1,0,0,1,NHP,Rainfall,9.31801311069055
9,1,0,0,1,NHP,EVI,8.47957389603401
9,1,0,0,1,NHP,Number.of.bean.farms,7.89259347112481
9,1,0,0,1,NHP,Diurnal.Nocturnal.temperature.range,6.11712451216275
9,1,0,0,1,NHP,Number.of.sorghum.farms,5.43003443236585
9,1,0,0,1,NHP,Number.of.peanut.farms,5.32732364777798
9,1,0,0,1,NHP,Day.temperature,4.45380023263825
9,1,0,0,1,NHP,Number.of.corn.farms,4.11769851389646
9,1,0,0,1,NHP,Number.of.soya.farms,3.49691160546765
9,1,0,0,1,NHP,Night.temperature.delay.by.1.month,3.05044005849333
9,1,0,0,1,NHP,Number.of.wheat.farms,2.61985577264043
9,1,0,0,1,NHP,Number.of.rice.farms,2.61226661514689
9,1,0,0,1,NHP,Rainfall.delay.by.2.month,1.94938462992399
9,1,0,0,1,NHP,Rainfall.delay.by.1.month,1.86906752560271
9,1,0,0,1,NHP,Day.temperature.delay.by.1.month,1.76348675104664
9,1,0,0,1,NHP,Night.temperature.delay.by.2.month,1.75856643315827
9,1,0,0,1,NHP,Diurnal.Nocturnal.temperature.range.delay.by.2.month,1.52290013645089
9,1,0,0,1,NHP,Day.temperature.delay.by.2.month,1.3150340338058
9,1,0,0,1,NHP,EVI.delay.by.2.month,0.889043306813602
9,1,0,0,1,NHP,EVI.delay.by.1.month,0.700787836565108
9,1,0,0,1,NHP,Diurnal.Nocturnal.temperature.range.delay.by.1.month,0.685074713253511
9,1,0,0,1,NHP,Number.of.castor.bean.farms,0.0678128641361291
9,1,0,0,1,both,Night.temperature,14.1496132878215
9,1,0,0,1,both,percent.of.population.working.in.agriculture,11.5451552016995
9,1,0,0,1,both,Rainfall,9.90946131203665
9,1,0,0,1,both,Number.of.bean.farms,8.23026093876065
9,1,0,0,1,both,EVI,7.71048802699707
9,1,0,0,1,both,Diurnal.Nocturnal.temperature.range,6.17257115212252
9,1,0,0,1,both,Number.of.corn.farms,5.17586477774184
9,1,0,0,1,both,Day.temperature.delay.by.1.month,4.86405284003531
9,1,0,0,1,both,Night.temperature.delay.by.1.month,4.05076905149285
9,1,0,0,1,both,Day.temperature,3.96223956594371
9,1,0,0,1,both,Night.temperature.delay.by.2.month,3.46593029035177
9,1,0,0,1,both,Diurnal.Nocturnal.temperature.range.delay.by.2.month,3.37559204230549
9,1,0,0,1,both,Day.temperature.delay.by.2.month,3.17272215330821
9,1,0,0,1,both,Rainfall.delay.by.2.month,2.30056885505265
9,1,0,0,1,both,EVI.delay.by.1.month,2.10799129361046
9,1,0,0,1,both,Number.of.soya.farms,1.88684211873042
9,1,0,0,1,both,Diurnal.Nocturnal.temperature.range.delay.by.1.month,1.75525826836324
9,1,0,0,1,both,Number.of.peanut.farms,1.50135691520316
9,1,0,0,1,both,Rainfall.delay.by.1.month,1.19598367322183
9,1,0,0,1,both,EVI.delay.by.2.month,1.15278411455294
9,1,0,0,1,both,Number.of.sorghum.farms,1.08224213443002
9,1,0,0,1,both,Number.of.rice.farms,0.691680572790053
9,1,0,0,1,both,Number.of.castor.bean.farms,0.540571413428155
9,1,0,0,1,both,Number.of.wheat.farms,0
10,0,1,0,1,human,Night.temperature,21.9988096038214
10,0,1,0,1,human,Logarithm.of.total.population,17.4967690484136
10,0,1,0,1,human,Rainfall,15.257388184342
10,0,1,0,1,human,Diurnal.Nocturnal.temperature.range,12.7054829465611
10,0,1,0,1,human,Number.of.NHP.species,10.7255534274208
10,0,1,0,1,human,EVI,7.35051737816076
10,0,1,0,1,human,Day.temperature.delay.by.1.month,2.90019234189284
10,0,1,0,1,human,Night.temperature.delay.by.1.month,2.48873175812385
10,0,1,0,1,human,Day.temperature,1.93448296356481
10,0,1,0,1,human,Day.temperature.delay.by.2.month,1.69727888536694
10,0,1,0,1,human,Night.temperature.delay.by.2.month,1.13316125959468
10,0,1,0,1,human,Rainfall.delay.by.1.month,0.905492435706999
10,0,1,0,1,human,EVI.delay.by.1.month,0.797480120591313
10,0,1,0,1,human,Rainfall.delay.by.2.month,0.763273397815502
10,0,1,0,1,human,EVI.delay.by.2.month,0.669331786418154
10,0,1,0,1,human,Diurnal.Nocturnal.temperature.range.delay.by.1.month,0.6440459763767
10,0,1,0,1,human,Diurnal.Nocturnal.temperature.range.delay.by.2.month,0.532008485828585
10,0,1,0,1,NHP,Logarithm.of.total.population,32.350476470539
10,0,1,0,1,NHP,Rainfall,10.6032250796703
10,0,1,0,1,NHP,Night.temperature,9.73311646115989
10,0,1,0,1,NHP,Diurnal.Nocturnal.temperature.range,8.9422672574324
10,0,1,0,1,NHP,EVI,8.69661797235813
10,0,1,0,1,NHP,Number.of.NHP.species,6.99285323866856
10,0,1,0,1,NHP,Night.temperature.delay.by.1.month,3.86372730030498
10,0,1,0,1,NHP,Day.temperature,3.44861203178347
10,0,1,0,1,NHP,Night.temperature.delay.by.2.month,2.8996590154749
10,0,1,0,1,NHP,Rainfall.delay.by.2.month,2.62995534015648
10,0,1,0,1,NHP,Rainfall.delay.by.1.month,1.98996085380113
10,0,1,0,1,NHP,Day.temperature.delay.by.1.month,1.82939493754725
10,0,1,0,1,NHP,Day.temperature.delay.by.2.month,1.67375930820986
10,0,1,0,1,NHP,EVI.delay.by.2.month,1.18080096847092
10,0,1,0,1,NHP,Diurnal.Nocturnal.temperature.range.delay.by.1.month,1.1114561829876
10,0,1,0,1,NHP,EVI.delay.by.1.month,1.03614628531778
10,0,1,0,1,NHP,Diurnal.Nocturnal.temperature.range.delay.by.2.month,1.01797129611737
10,0,1,0,1,both,Logarithm.of.total.population,18.5304829761728
10,0,1,0,1,both,Rainfall,15.9230173553028
10,0,1,0,1,both,Night.temperature,12.5169285518934
10,0,1,0,1,both,EVI,11.098377391977
10,0,1,0,1,both,Diurnal.Nocturnal.temperature.range,10.8630353599974
10,0,1,0,1,both,Night.temperature.delay.by.1.month,6.18849536975706
10,0,1,0,1,both,Number.of.NHP.species,4.80562215515752
10,0,1,0,1,both,Day.temperature.delay.by.1.month,4.2638330256158
10,0,1,0,1,both,EVI.delay.by.1.month,3.4224574866518
10,0,1,0,1,both,Night.temperature.delay.by.2.month,3.32570820731759
10,0,1,0,1,both,Day.temperature.delay.by.2.month,2.18523043810151
10,0,1,0,1,both,Rainfall.delay.by.1.month,1.38037414801631
10,0,1,0,1,both,Day.temperature,1.34120863090822
10,0,1,0,1,both,Diurnal.Nocturnal.temperature.range.delay.by.2.month,1.2292923125219
10,0,1,0,1,both,EVI.delay.by.2.month,1.05218654456908
10,0,1,0,1,both,Rainfall.delay.by.2.month,1.03553929992769
10,0,1,0,1,both,Diurnal.Nocturnal.temperature.range.delay.by.1.month,0.838210746112041
11,1,1,0,1,human,Night.temperature,20.2918080820833
11,1,1,0,1,human,Logarithm.of.total.population,15.109341542798
11,1,1,0,1,human,Rainfall,12.380534971009
11,1,1,0,1,human,Diurnal.Nocturnal.temperature.range,10.7889446152054
11,1,1,0,1,human,Number.of.NHP.species,10.0147643540498
11,1,1,0,1,human,EVI,7.47718524663717
11,1,1,0,1,human,percent.of.population.working.in.agriculture,3.31239403225326
11,1,1,0,1,human,Number.of.corn.farms,3.00328482793787
11,1,1,0,1,human,Day.temperature.delay.by.1.month,2.95107969699528
11,1,1,0,1,human,Day.temperature,2.35243868580851
11,1,1,0,1,human,Number.of.bean.farms,2.09380880686561
11,1,1,0,1,human,Night.temperature.delay.by.1.month,1.80395148734497
11,1,1,0,1,human,Number.of.soya.farms,1.19890899413531
11,1,1,0,1,human,Rainfall.delay.by.2.month,1.07447458470338
11,1,1,0,1,human,Rainfall.delay.by.1.month,0.901360679669216
11,1,1,0,1,human,Night.temperature.delay.by.2.month,0.869049834168303
11,1,1,0,1,human,EVI.delay.by.1.month,0.831331247869758
11,1,1,0,1,human,Day.temperature.delay.by.2.month,0.810147370496441
11,1,1,0,1,human,EVI.delay.by.2.month,0.790724298657606
11,1,1,0,1,human,Diurnal.Nocturnal.temperature.range.delay.by.1.month,0.582731398695001
11,1,1,0,1,human,Diurnal.Nocturnal.temperature.range.delay.by.2.month,0.545807471277827
11,1,1,0,1,human,Number.of.rice.farms,0.468802254174922
11,1,1,0,1,human,Number.of.sorghum.farms,0.17435675607826
11,1,1,0,1,human,Number.of.peanut.farms,0.112992607507307
11,1,1,0,1,human,Number.of.wheat.farms,0.0389576178893808
11,1,1,0,1,human,Number.of.castor.bean.farms,0.0208185356891886
11,1,1,0,1,NHP,Logarithm.of.total.population,21.9652914928897
11,1,1,0,1,NHP,Number.of.sorghum.farms,8.60271521407349
11,1,1,0,1,NHP,Night.temperature,8.58910891629836
11,1,1,0,1,NHP,EVI,7.58929536697196
11,1,1,0,1,NHP,Rainfall,7.55319074305238
11,1,1,0,1,NHP,Diurnal.Nocturnal.temperature.range,7.08804955196664
11,1,1,0,1,NHP,Number.of.NHP.species,5.49443211805096
11,1,1,0,1,NHP,Number.of.rice.farms,3.8385503223809
11,1,1,0,1,NHP,Day.temperature,3.75309051082612
11,1,1,0,1,NHP,percent.of.population.working.in.agriculture,2.87168029079916
11,1,1,0,1,NHP,Night.temperature.delay.by.2.month,2.6907177109525
11,1,1,0,1,NHP,Night.temperature.delay.by.1.month,2.63919405638763
11,1,1,0,1,NHP,Number.of.bean.farms,2.58361760154996
11,1,1,0,1,NHP,Number.of.peanut.farms,2.37196473443934
11,1,1,0,1,NHP,Day.temperature.delay.by.1.month,1.73790757258671
11,1,1,0,1,NHP,Number.of.soya.farms,1.61305412978264
11,1,1,0,1,NHP,Number.of.corn.farms,1.36465301296804
11,1,1,0,1,NHP,Rainfall.delay.by.1.month,1.3635741904372
11,1,1,0,1,NHP,Day.temperature.delay.by.2.month,1.11767425232809
11,1,1,0,1,NHP,Rainfall.delay.by.2.month,1.07868359732199
11,1,1,0,1,NHP,EVI.delay.by.2.month,1.03193338522517
11,1,1,0,1,NHP,Diurnal.Nocturnal.temperature.range.delay.by.1.month,0.911765543177472
11,1,1,0,1,NHP,EVI.delay.by.1.month,0.79281691903949
11,1,1,0,1,NHP,Number.of.wheat.farms,0.71045003834816
11,1,1,0,1,NHP,Diurnal.Nocturnal.temperature.range.delay.by.2.month,0.537001646602952
11,1,1,0,1,NHP,Number.of.castor.bean.farms,0.109587081543036
11,1,1,0,1,both,Logarithm.of.total.population,13.1166695717299
11,1,1,0,1,both,Night.temperature,12.8190315313543
11,1,1,0,1,both,Rainfall,11.6537750274103
11,1,1,0,1,both,EVI,11.6045809293574
11,1,1,0,1,both,Diurnal.Nocturnal.temperature.range,7.97533923147315
11,1,1,0,1,both,percent.of.population.working.in.agriculture,6.00760162985987
11,1,1,0,1,both,Number.of.NHP.species,4.66024944668281
11,1,1,0,1,both,Number.of.bean.farms,4.5405639846275
11,1,1,0,1,both,Night.temperature.delay.by.1.month,4.26333865224881
11,1,1,0,1,both,Day.temperature.delay.by.1.month,3.47673856868306
11,1,1,0,1,both,Number.of.corn.farms,2.68103443323067
11,1,1,0,1,both,EVI.delay.by.1.month,2.19984329543869
11,1,1,0,1,both,Day.temperature,2.06999719346273
11,1,1,0,1,both,Night.temperature.delay.by.2.month,1.99871702746042
11,1,1,0,1,both,Rainfall.delay.by.2.month,1.70884653921917
11,1,1,0,1,both,Day.temperature.delay.by.2.month,1.56768107878044
11,1,1,0,1,both,Diurnal.Nocturnal.temperature.range.delay.by.1.month,1.48538008141161
11,1,1,0,1,both,Rainfall.delay.by.1.month,1.46434109432007
11,1,1,0,1,both,Diurnal.Nocturnal.temperature.range.delay.by.2.month,1.17791700107017
11,1,1,0,1,both,Number.of.sorghum.farms,1.15011219982628
11,1,1,0,1,both,EVI.delay.by.2.month,0.827120986230695
11,1,1,0,1,both,Number.of.wheat.farms,0.527340012532399
11,1,1,0,1,both,Number.of.soya.farms,0.378860496479224
11,1,1,0,1,both,Number.of.rice.farms,0.378078211598212
11,1,1,0,1,both,Number.of.peanut.farms,0.266841775512121
11,1,1,0,1,both,Number.of.castor.bean.farms,0
12,0,0,1,1,human,Night.temperature,18.8646645527423
12,0,0,1,1,human,Diurnal.Nocturnal.temperature.range,13.2432304510368
12,0,0,1,1,human,Rice.harvesting,9.7166190755789
12,0,0,1,1,human,Rainfall,9.56687265887483
12,0,0,1,1,human,EVI,8.95303319126957
12,0,0,1,1,human,Peanut.planting,7.10664787391064
12,0,0,1,1,human,Day.temperature,6.2952709601901
12,0,0,1,1,human,Day.temperature.delay.by.1.month,4.4314647653235
12,0,0,1,1,human,Corn.harvesting,3.64969236827134
12,0,0,1,1,human,EVI.delay.by.1.month,1.95805875337967
12,0,0,1,1,human,Rainfall.delay.by.1.month,1.9487801265795
12,0,0,1,1,human,Night.temperature.delay.by.1.month,1.89693511498869
12,0,0,1,1,human,Day.temperature.delay.by.2.month,1.83896738341385
12,0,0,1,1,human,Corn.planting,1.81732053166232
12,0,0,1,1,human,Rainfall.delay.by.2.month,1.51257487718275
12,0,0,1,1,human,Diurnal.Nocturnal.temperature.range.delay.by.1.month,1.43637221791943
12,0,0,1,1,human,Diurnal.Nocturnal.temperature.range.delay.by.2.month,1.19535571017442
12,0,0,1,1,human,Rice.planting,1.08604608136725
12,0,0,1,1,human,Night.temperature.delay.by.2.month,0.985599797595473
12,0,0,1,1,human,Peanut.harvesting,0.824718880671265
12,0,0,1,1,human,EVI.delay.by.2.month,0.748774001821979
12,0,0,1,1,human,Bean.planting,0.36818681823507
12,0,0,1,1,human,Bean.harvesting,0.242567151835904
12,0,0,1,1,human,Castor.bean.harvesting,0.1355250180726
12,0,0,1,1,human,Castor.bean.planting,0.0637667239733574
12,0,0,1,1,human,Soya.harvesting,0.0633948780819846
12,0,0,1,1,human,Sorghum.harvesting,0.0495600358465033
12,0,0,1,1,human,Wheat.planting,0
12,0,0,1,1,human,Wheat.harvesting,0
12,0,0,1,1,human,Sorghum.planting,0
12,0,0,1,1,human,Soya.planting,0
12,0,0,1,1,NHP,Rainfall,16.0571009117251
12,0,0,1,1,NHP,EVI,13.1881820006957
12,0,0,1,1,NHP,Night.temperature,12.1499109513762
12,0,0,1,1,NHP,Day.temperature,10.8311436518955
12,0,0,1,1,NHP,Diurnal.Nocturnal.temperature.range,9.00131621435219
12,0,0,1,1,NHP,Rice.harvesting,4.64152752007812
12,0,0,1,1,NHP,Peanut.planting,4.14955563923974
12,0,0,1,1,NHP,Night.temperature.delay.by.1.month,3.43002821287018
12,0,0,1,1,NHP,Day.temperature.delay.by.2.month,2.48960620906382
12,0,0,1,1,NHP,EVI.delay.by.1.month,2.35942561187643
12,0,0,1,1,NHP,Rainfall.delay.by.2.month,2.33224387641954
12,0,0,1,1,NHP,Day.temperature.delay.by.1.month,2.23644357426122
12,0,0,1,1,NHP,Rainfall.delay.by.1.month,2.15883111559856
12,0,0,1,1,NHP,Diurnal.Nocturnal.temperature.range.delay.by.2.month,2.04988495724462
12,0,0,1,1,NHP,Diurnal.Nocturnal.temperature.range.delay.by.1.month,1.85857515869733
12,0,0,1,1,NHP,Night.temperature.delay.by.2.month,1.79170309706396
12,0,0,1,1,NHP,Corn.planting,1.68062491098141
12,0,0,1,1,NHP,Peanut.harvesting,1.51516618688389
12,0,0,1,1,NHP,Corn.harvesting,1.43387988992781
12,0,0,1,1,NHP,EVI.delay.by.2.month,1.3955164672654
12,0,0,1,1,NHP,Bean.harvesting,0.834519364901692
12,0,0,1,1,NHP,Bean.planting,0.644331206860203
12,0,0,1,1,NHP,Rice.planting,0.61659013829432
12,0,0,1,1,NHP,Castor.bean.harvesting,0.586183676011596
12,0,0,1,1,NHP,Castor.bean.planting,0.211843138587181
12,0,0,1,1,NHP,Sorghum.planting,0.190348549239401
12,0,0,1,1,NHP,Wheat.harvesting,0.118206813233762
12,0,0,1,1,NHP,Soya.harvesting,0.0277273046815938
12,0,0,1,1,NHP,Sorghum.harvesting,0.019583650673538
12,0,0,1,1,NHP,Wheat.planting,0
12,0,0,1,1,NHP,Soya.planting,0
12,0,0,1,1,both,Night.temperature,16.4523780648754
12,0,0,1,1,both,Diurnal.Nocturnal.temperature.range,13.8819395111752
12,0,0,1,1,both,Rainfall,12.6894736181124
12,0,0,1,1,both,EVI,11.092225402937
12,0,0,1,1,both,Day.temperature.delay.by.1.month,6.33606643900188
12,0,0,1,1,both,Night.temperature.delay.by.1.month,5.04814374400708
12,0,0,1,1,both,Day.temperature,4.7860825872686
12,0,0,1,1,both,EVI.delay.by.1.month,3.74569825420995
12,0,0,1,1,both,Night.temperature.delay.by.2.month,3.20040136618997
12,0,0,1,1,both,Day.temperature.delay.by.2.month,3.19863379079465
12,0,0,1,1,both,Rainfall.delay.by.1.month,3.01864099139913
12,0,0,1,1,both,Diurnal.Nocturnal.temperature.range.delay.by.2.month,2.77469121563834
12,0,0,1,1,both,Rainfall.delay.by.2.month,2.76656018815615
12,0,0,1,1,both,Diurnal.Nocturnal.temperature.range.delay.by.1.month,2.27058741062464
12,0,0,1,1,both,Corn.harvesting,2.07940385208881
12,0,0,1,1,both,EVI.delay.by.2.month,1.52587269562432
12,0,0,1,1,both,Rice.harvesting,1.31593622151994
12,0,0,1,1,both,Corn.planting,1.05596791673128
12,0,0,1,1,both,Bean.planting,0.778954374809839
12,0,0,1,1,both,Peanut.planting,0.776851444194755
12,0,0,1,1,both,Peanut.harvesting,0.494283180140246
12,0,0,1,1,both,Bean.harvesting,0.426829101898745
12,0,0,1,1,both,Rice.planting,0.201514281516162
12,0,0,1,1,both,Sorghum.planting,0.0428983298378554
12,0,0,1,1,both,Sorghum.harvesting,0.0348367142891775
12,0,0,1,1,both,Castor.bean.planting,0.00277039300991317
12,0,0,1,1,both,Soya.harvesting,0.00235890994859057
12,0,0,1,1,both,Wheat.planting,0
12,0,0,1,1,both,Wheat.harvesting,0
12,0,0,1,1,both,Castor.bean.harvesting,0
12,0,0,1,1,both,Soya.planting,0
13,1,0,1,1,human,Night.temperature,13.8150165391685
13,1,0,1,1,human,percent.of.population.working.in.agriculture,9.99099020124677
13,1,0,1,1,human,Diurnal.Nocturnal.temperature.range,7.75395435711794
13,1,0,1,1,human,Rainfall,7.65019844376389
13,1,0,1,1,human,Rice.harvesting,7.4226981202752
13,1,0,1,1,human,EVI,7.42202651902649
13,1,0,1,1,human,Number.of.corn.farms,5.68053467195602
13,1,0,1,1,human,Peanut.planting,5.35527483863537
13,1,0,1,1,human,Day.temperature,4.49519965136059
13,1,0,1,1,human,Number.of.bean.farms,4.42988438623752
13,1,0,1,1,human,Number.of.soya.farms,4.16678297749372
13,1,0,1,1,human,Day.temperature.delay.by.1.month,3.13157041115206
13,1,0,1,1,human,Corn.harvesting,2.97830770910796
13,1,0,1,1,human,Night.temperature.delay.by.1.month,1.83987603226718
13,1,0,1,1,human,Rainfall.delay.by.1.month,1.70185693246384
13,1,0,1,1,human,Rice.planting,1.56813019465088
13,1,0,1,1,human,Corn.planting,1.39494051643113
13,1,0,1,1,human,Peanut.harvesting,1.25111220235483
13,1,0,1,1,human,EVI.delay.by.1.month,0.993844800094973
13,1,0,1,1,human,Day.temperature.delay.by.2.month,0.911630600829115
13,1,0,1,1,human,Rainfall.delay.by.2.month,0.890383053637558
13,1,0,1,1,human,Number.of.rice.farms,0.889685386625927
13,1,0,1,1,human,Diurnal.Nocturnal.temperature.range.delay.by.1.month,0.802206043194677
13,1,0,1,1,human,EVI.delay.by.2.month,0.760805902434667
13,1,0,1,1,human,Night.temperature.delay.by.2.month,0.706000294931121
13,1,0,1,1,human,Diurnal.Nocturnal.temperature.range.delay.by.2.month,0.618172392049355
13,1,0,1,1,human,Number.of.peanut.farms,0.482509173755073
13,1,0,1,1,human,Number.of.sorghum.farms,0.21352780119353
13,1,0,1,1,human,Bean.planting,0.199311381236633
13,1,0,1,1,human,Number.of.castor.bean.farms,0.125084037397743
13,1,0,1,1,human,Bean.harvesting,0.123177884549482
13,1,0,1,1,human,Castor.bean.harvesting,0.0984090285953072
13,1,0,1,1,human,Castor.bean.planting,0.0979834915039392
13,1,0,1,1,human,Sorghum.harvesting,0.0302417065680182
13,1,0,1,1,human,Number.of.wheat.farms,0.00867231669296793
13,1,0,1,1,human,Wheat.planting,0
13,1,0,1,1,human,Wheat.harvesting,0
13,1,0,1,1,human,Sorghum.planting,0
13,1,0,1,1,human,Soya.planting,0
13,1,0,1,1,human,Soya.harvesting,0
13,1,0,1,1,NHP,percent.of.population.working.in.agriculture,12.5338669720013
13,1,0,1,1,NHP,Rainfall,9.22315748307888
13,1,0,1,1,NHP,EVI,8.01296383572961
13,1,0,1,1,NHP,Number.of.bean.farms,7.28360468779676
13,1,0,1,1,NHP,Night.temperature,7.03136628750036
13,1,0,1,1,NHP,Number.of.peanut.farms,5.56372239515213
13,1,0,1,1,NHP,Number.of.soya.farms,5.46354980301048
13,1,0,1,1,NHP,Number.of.sorghum.farms,4.52811421440738
13,1,0,1,1,NHP,Rice.harvesting,4.27069053768871
13,1,0,1,1,NHP,Number.of.rice.farms,3.74365044586267
13,1,0,1,1,NHP,Day.temperature,3.73892153070482
13,1,0,1,1,NHP,Diurnal.Nocturnal.temperature.range,3.53085580179101
13,1,0,1,1,NHP,Peanut.planting,3.16607724828218
13,1,0,1,1,NHP,Number.of.corn.farms,3.10948162589337
13,1,0,1,1,NHP,Corn.planting,2.96966970864836
13,1,0,1,1,NHP,Number.of.wheat.farms,1.85786852390615
13,1,0,1,1,NHP,Night.temperature.delay.by.1.month,1.80572907036697
13,1,0,1,1,NHP,Rainfall.delay.by.1.month,1.65482357877039
13,1,0,1,1,NHP,Night.temperature.delay.by.2.month,1.24506743692714
13,1,0,1,1,NHP,Day.temperature.delay.by.1.month,1.2153646839005
13,1,0,1,1,NHP,Diurnal.Nocturnal.temperature.range.delay.by.2.month,1.1478274703104
13,1,0,1,1,NHP,Peanut.harvesting,0.923448492124383
13,1,0,1,1,NHP,Day.temperature.delay.by.2.month,0.845211070068953
13,1,0,1,1,NHP,Rainfall.delay.by.2.month,0.717743439994507
13,1,0,1,1,NHP,Corn.harvesting,0.686925601950086
13,1,0,1,1,NHP,EVI.delay.by.1.month,0.662130315651411
13,1,0,1,1,NHP,Diurnal.Nocturnal.temperature.range.delay.by.1.month,0.656784091908888
13,1,0,1,1,NHP,EVI.delay.by.2.month,0.532621706084464
13,1,0,1,1,NHP,Castor.bean.harvesting,0.515791067810252
13,1,0,1,1,NHP,Bean.harvesting,0.331985843972177
13,1,0,1,1,NHP,Bean.planting,0.303518512625757
13,1,0,1,1,NHP,Sorghum.harvesting,0.206595173567851
13,1,0,1,1,NHP,Rice.planting,0.200398500743151
13,1,0,1,1,NHP,Number.of.castor.bean.farms,0.141223927063218
13,1,0,1,1,NHP,Sorghum.planting,0.0899434456404745
13,1,0,1,1,NHP,Wheat.harvesting,0.0514114813578498
13,1,0,1,1,NHP,Castor.bean.planting,0.0310472324840711
13,1,0,1,1,NHP,Soya.harvesting,0.00684675522293612
13,1,0,1,1,NHP,Wheat.planting,0
13,1,0,1,1,NHP,Soya.planting,0
13,1,0,1,1,both,Night.temperature,11.964826919461
13,1,0,1,1,both,percent.of.population.working.in.agriculture,11.381446896205
13,1,0,1,1,both,Number.of.corn.farms,9.15471776621316
13,1,0,1,1,both,Rainfall,8.04068447956861
13,1,0,1,1,both,Number.of.bean.farms,7.42725491296734
13,1,0,1,1,both,EVI,6.72355192549855
13,1,0,1,1,both,Diurnal.Nocturnal.temperature.range,6.65625234457051
13,1,0,1,1,both,Day.temperature,5.1751838669172
13,1,0,1,1,both,Day.temperature.delay.by.1.month,5.00181051273937
13,1,0,1,1,both,Night.temperature.delay.by.1.month,4.77627738085665
13,1,0,1,1,both,Day.temperature.delay.by.2.month,2.49954477464115
13,1,0,1,1,both,Number.of.peanut.farms,2.47179849369888
13,1,0,1,1,both,Night.temperature.delay.by.2.month,2.22117952884214
13,1,0,1,1,both,EVI.delay.by.1.month,2.19615291674026
13,1,0,1,1,both,Diurnal.Nocturnal.temperature.range.delay.by.1.month,1.90368831991122
13,1,0,1,1,both,Number.of.soya.farms,1.83948186591347
13,1,0,1,1,both,Rainfall.delay.by.2.month,1.79916190464368
13,1,0,1,1,both,Diurnal.Nocturnal.temperature.range.delay.by.2.month,1.67033072925696
13,1,0,1,1,both,Rainfall.delay.by.1.month,1.29205718049223
13,1,0,1,1,both,Number.of.sorghum.farms,1.08708184403528
13,1,0,1,1,both,EVI.delay.by.2.month,0.830159824123324
13,1,0,1,1,both,Rice.harvesting,0.675717173001691
13,1,0,1,1,both,Corn.harvesting,0.578549276282784
13,1,0,1,1,both,Peanut.planting,0.57405216452204
13,1,0,1,1,both,Bean.planting,0.552591000010538
13,1,0,1,1,both,Number.of.castor.bean.farms,0.42434005076464
13,1,0,1,1,both,Number.of.rice.farms,0.32865621052068
13,1,0,1,1,both,Corn.planting,0.315930162629854
13,1,0,1,1,both,Bean.harvesting,0.315585150559398
13,1,0,1,1,both,Peanut.harvesting,0.121934424412416
13,1,0,1,1,both,Number.of.wheat.farms,0
13,1,0,1,1,both,Wheat.planting,0
13,1,0,1,1,both,Wheat.harvesting,0
13,1,0,1,1,both,Rice.planting,0
13,1,0,1,1,both,Castor.bean.planting,0
13,1,0,1,1,both,Castor.bean.harvesting,0
13,1,0,1,1,both,Sorghum.planting,0
13,1,0,1,1,both,Sorghum.harvesting,0
13,1,0,1,1,both,Soya.planting,0
13,1,0,1,1,both,Soya.harvesting,0
14,0,1,1,1,human,Logarithm.of.total.population,17.3883669306069
14,0,1,1,1,human,Night.temperature,17.3588373649602
14,0,1,1,1,human,Diurnal.Nocturnal.temperature.range,11.8511931653172
14,0,1,1,1,human,Number.of.NHP.species,10.4349982830128
14,0,1,1,1,human,Rainfall,9.59349157561433
14,0,1,1,1,human,EVI,5.93583718546478
14,0,1,1,1,human,Rice.harvesting,4.93785577507846
14,0,1,1,1,human,Peanut.planting,3.54249916838929
14,0,1,1,1,human,Day.temperature,2.4672332763977
14,0,1,1,1,human,Day.temperature.delay.by.1.month,2.28065548475605
14,0,1,1,1,human,Peanut.harvesting,1.66151129710974
14,0,1,1,1,human,Corn.harvesting,1.55563324351798
14,0,1,1,1,human,Night.temperature.delay.by.1.month,1.43105307588847
14,0,1,1,1,human,Rice.planting,1.40681620181894
14,0,1,1,1,human,Corn.planting,1.32122047218784
14,0,1,1,1,human,Day.temperature.delay.by.2.month,0.913374057168019
14,0,1,1,1,human,Rainfall.delay.by.2.month,0.857240029220484
14,0,1,1,1,human,Night.temperature.delay.by.2.month,0.820376270956946
14,0,1,1,1,human,Diurnal.Nocturnal.temperature.range.delay.by.1.month,0.727676808610856
14,0,1,1,1,human,EVI.delay.by.1.month,0.675649856057839
14,0,1,1,1,human,Rainfall.delay.by.1.month,0.630044210440771
14,0,1,1,1,human,EVI.delay.by.2.month,0.583328576733656
14,0,1,1,1,human,Sorghum.harvesting,0.559202928964448
14,0,1,1,1,human,Bean.harvesting,0.391042843271973
14,0,1,1,1,human,Bean.planting,0.346397621308392
14,0,1,1,1,human,Diurnal.Nocturnal.temperature.range.delay.by.2.month,0.328464297145934
14,0,1,1,1,human,Wheat.planting,0
14,0,1,1,1,human,Wheat.harvesting,0
14,0,1,1,1,human,Castor.bean.planting,0
14,0,1,1,1,human,Castor.bean.harvesting,0
14,0,1,1,1,human,Sorghum.planting,0
14,0,1,1,1,human,Soya.planting,0
14,0,1,1,1,human,Soya.harvesting,0
14,0,1,1,1,NHP,Logarithm.of.total.population,26.9710302835542
14,0,1,1,1,NHP,Rainfall,9.35953420751678
14,0,1,1,1,NHP,Diurnal.Nocturnal.temperature.range,8.54049981794455
14,0,1,1,1,NHP,Night.temperature,8.40166538977604
14,0,1,1,1,NHP,Number.of.NHP.species,6.76987447586115
14,0,1,1,1,NHP,EVI,6.7365132385458
14,0,1,1,1,NHP,Rice.harvesting,4.62896494875343
14,0,1,1,1,NHP,Day.temperature,4.23689167070761
14,0,1,1,1,NHP,Peanut.planting,4.18896452776985
14,0,1,1,1,NHP,Night.temperature.delay.by.1.month,2.21218761857302
14,0,1,1,1,NHP,Night.temperature.delay.by.2.month,2.09618766746907
14,0,1,1,1,NHP,Rainfall.delay.by.1.month,2.03876911524342
14,0,1,1,1,NHP,Day.temperature.delay.by.1.month,1.98672223742248
14,0,1,1,1,NHP,Corn.planting,1.96061107908749
14,0,1,1,1,NHP,Rainfall.delay.by.2.month,1.55977125883196
14,0,1,1,1,NHP,Diurnal.Nocturnal.temperature.range.delay.by.1.month,1.14034090890429
14,0,1,1,1,NHP,EVI.delay.by.1.month,1.08075191945241
14,0,1,1,1,NHP,Day.temperature.delay.by.2.month,1.02548909836751
14,0,1,1,1,NHP,Corn.harvesting,1.00451193941644
14,0,1,1,1,NHP,Peanut.harvesting,0.838971809941207
14,0,1,1,1,NHP,Diurnal.Nocturnal.temperature.range.delay.by.2.month,0.730493657059597
14,0,1,1,1,NHP,EVI.delay.by.2.month,0.518566627371615
14,0,1,1,1,NHP,Castor.bean.harvesting,0.484576340313298
14,0,1,1,1,NHP,Bean.harvesting,0.446654903271649
14,0,1,1,1,NHP,Bean.planting,0.345411077340019
14,0,1,1,1,NHP,Rice.planting,0.338521949958937
14,0,1,1,1,NHP,Castor.bean.planting,0.126509778941005
14,0,1,1,1,NHP,Wheat.harvesting,0.0967375951799136
14,0,1,1,1,NHP,Soya.harvesting,0.0718872247778285
14,0,1,1,1,NHP,Sorghum.harvesting,0.0382586113683864
14,0,1,1,1,NHP,Soya.planting,0.0241290212790718
14,0,1,1,1,NHP,Wheat.planting,0
14,0,1,1,1,NHP,Sorghum.planting,0
14,0,1,1,1,both,Logarithm.of.total.population,17.8472339508585
14,0,1,1,1,both,Rainfall,13.2397483559715
14,0,1,1,1,both,Diurnal.Nocturnal.temperature.range,11.3262316147803
14,0,1,1,1,both,Night.temperature,11.2790182469763
14,0,1,1,1,both,EVI,9.52598841828696
14,0,1,1,1,both,Night.temperature.delay.by.1.month,5.01488763415282
14,0,1,1,1,both,Number.of.NHP.species,4.2676772812823
14,0,1,1,1,both,Day.temperature.delay.by.1.month,3.95912723178904
14,0,1,1,1,both,Night.temperature.delay.by.2.month,3.18761128532553
14,0,1,1,1,both,EVI.delay.by.1.month,2.99598292743807
14,0,1,1,1,both,Corn.planting,2.58328359466203
14,0,1,1,1,both,Day.temperature,2.3880489877452
14,0,1,1,1,both,Day.temperature.delay.by.2.month,1.6341333106064
14,0,1,1,1,both,Corn.harvesting,1.59261721675607
14,0,1,1,1,both,Rice.harvesting,1.45002438408381
14,0,1,1,1,both,Diurnal.Nocturnal.temperature.range.delay.by.1.month,1.35168019484204
14,0,1,1,1,both,Rainfall.delay.by.2.month,1.02474046470544
14,0,1,1,1,both,Diurnal.Nocturnal.temperature.range.delay.by.2.month,0.906015907336273
14,0,1,1,1,both,Rainfall.delay.by.1.month,0.841177073918673
14,0,1,1,1,both,Bean.planting,0.84109703397749
14,0,1,1,1,both,EVI.delay.by.2.month,0.769957158727273
14,0,1,1,1,both,Peanut.planting,0.733584315420489
14,0,1,1,1,both,Bean.harvesting,0.518821282247601
14,0,1,1,1,both,Peanut.harvesting,0.50235967933004
14,0,1,1,1,both,Rice.planting,0.163364020183475
14,0,1,1,1,both,Sorghum.harvesting,0.0529492088274876
14,0,1,1,1,both,Sorghum.planting,0.00263921976892176
14,0,1,1,1,both,Wheat.planting,0
14,0,1,1,1,both,Wheat.harvesting,0
14,0,1,1,1,both,Castor.bean.planting,0
14,0,1,1,1,both,Castor.bean.harvesting,0
14,0,1,1,1,both,Soya.planting,0
14,0,1,1,1,both,Soya.harvesting,0
15,1,1,1,1,human,Logarithm.of.total.population,15.3322342956385
15,1,1,1,1,human,Night.temperature,14.9376031409501
15,1,1,1,1,human,Number.of.NHP.species,9.98115909126444
15,1,1,1,1,human,Rainfall,9.94841051929315
15,1,1,1,1,human,Diurnal.Nocturnal.temperature.range,7.99005541905615
15,1,1,1,1,human,EVI,5.03014715300843
15,1,1,1,1,human,Rice.harvesting,4.10894723419511
15,1,1,1,1,human,Peanut.planting,3.80147927235129
15,1,1,1,1,human,percent.of.population.working.in.agriculture,3.54854779231393
15,1,1,1,1,human,Number.of.bean.farms,2.6607065873427
15,1,1,1,1,human,Day.temperature.delay.by.1.month,2.57241455255605
15,1,1,1,1,human,Number.of.corn.farms,2.43663552353702
15,1,1,1,1,human,Day.temperature,2.26581641660383
15,1,1,1,1,human,Rice.planting,1.83757885044893
15,1,1,1,1,human,Peanut.harvesting,1.82746646280233
15,1,1,1,1,human,Night.temperature.delay.by.1.month,1.43174724454209
15,1,1,1,1,human,Number.of.soya.farms,1.25859144278444
15,1,1,1,1,human,Corn.harvesting,1.2421631516438
15,1,1,1,1,human,Corn.planting,1.09727344668195
15,1,1,1,1,human,EVI.delay.by.1.month,0.961890880740378
15,1,1,1,1,human,Night.temperature.delay.by.2.month,0.775289668218836
15,1,1,1,1,human,Rainfall.delay.by.1.month,0.756552210230595
15,1,1,1,1,human,Day.temperature.delay.by.2.month,0.690495085056034
15,1,1,1,1,human,Sorghum.harvesting,0.514616087712376
15,1,1,1,1,human,Bean.planting,0.412063680809758
15,1,1,1,1,human,Rainfall.delay.by.2.month,0.410151991709422
15,1,1,1,1,human,Diurnal.Nocturnal.temperature.range.delay.by.1.month,0.408114916877868
15,1,1,1,1,human,EVI.delay.by.2.month,0.402368192704139
15,1,1,1,1,human,Bean.harvesting,0.356135530358696
15,1,1,1,1,human,Diurnal.Nocturnal.temperature.range.delay.by.2.month,0.335276917875222
15,1,1,1,1,human,Number.of.peanut.farms,0.293258277934922
15,1,1,1,1,human,Number.of.rice.farms,0.211498092395643
15,1,1,1,1,human,Number.of.sorghum.farms,0.128003967913543
15,1,1,1,1,human,Number.of.castor.bean.farms,0.029674253034701
15,1,1,1,1,human,Number.of.wheat.farms,0.00563264941367131
15,1,1,1,1,human,Wheat.planting,0
15,1,1,1,1,human,Wheat.harvesting,0
15,1,1,1,1,human,Castor.bean.planting,0
15,1,1,1,1,human,Castor.bean.harvesting,0
15,1,1,1,1,human,Sorghum.planting,0
15,1,1,1,1,human,Soya.planting,0
15,1,1,1,1,human,Soya.harvesting,0
15,1,1,1,1,NHP,Logarithm.of.total.population,21.6828225612782
15,1,1,1,1,NHP,Number.of.sorghum.farms,7.2244756649304
15,1,1,1,1,NHP,Rainfall,6.88388160926806
15,1,1,1,1,NHP,Night.temperature,6.50774087069688
15,1,1,1,1,NHP,Diurnal.Nocturnal.temperature.range,5.50032948594826
15,1,1,1,1,NHP,Number.of.NHP.species,5.37286562395286
15,1,1,1,1,NHP,EVI,5.04896885824647
15,1,1,1,1,NHP,Rice.harvesting,4.24743000764832
15,1,1,1,1,NHP,Peanut.planting,3.93962547451457
15,1,1,1,1,NHP,Number.of.rice.farms,3.83466923735335
15,1,1,1,1,NHP,Day.temperature,3.04184832652975
15,1,1,1,1,NHP,Number.of.peanut.farms,2.80668151651707
15,1,1,1,1,NHP,Number.of.bean.farms,2.29952939942101
15,1,1,1,1,NHP,percent.of.population.working.in.agriculture,2.20738679487171
15,1,1,1,1,NHP,Number.of.soya.farms,2.20173312754651
15,1,1,1,1,NHP,Corn.planting,1.89213396768388
15,1,1,1,1,NHP,Night.temperature.delay.by.2.month,1.86575457771074
15,1,1,1,1,NHP,Night.temperature.delay.by.1.month,1.82072212935322
15,1,1,1,1,NHP,Number.of.corn.farms,1.65225925704881
15,1,1,1,1,NHP,Rainfall.delay.by.2.month,1.09586602071274
15,1,1,1,1,NHP,Day.temperature.delay.by.1.month,1.06683730528581
15,1,1,1,1,NHP,Diurnal.Nocturnal.temperature.range.delay.by.2.month,1.00814319082274
15,1,1,1,1,NHP,EVI.delay.by.1.month,0.787388214492976
15,1,1,1,1,NHP,EVI.delay.by.2.month,0.708384164208062
15,1,1,1,1,NHP,Rainfall.delay.by.1.month,0.665998057133695
15,1,1,1,1,NHP,Diurnal.Nocturnal.temperature.range.delay.by.1.month,0.659165233111271
15,1,1,1,1,NHP,Number.of.wheat.farms,0.640409608844591
15,1,1,1,1,NHP,Peanut.harvesting,0.628906325610019
15,1,1,1,1,NHP,Day.temperature.delay.by.2.month,0.57660127319307
15,1,1,1,1,NHP,Corn.harvesting,0.537474702519136
15,1,1,1,1,NHP,Castor.bean.harvesting,0.485108133635877
15,1,1,1,1,NHP,Bean.harvesting,0.394170256342308
15,1,1,1,1,NHP,Rice.planting,0.232038408642736
15,1,1,1,1,NHP,Bean.planting,0.229529144692498
15,1,1,1,1,NHP,Castor.bean.planting,0.115010360415774
15,1,1,1,1,NHP,Sorghum.harvesting,0.0949114809445849
15,1,1,1,1,NHP,Wheat.harvesting,0.0281656605929729
15,1,1,1,1,NHP,Sorghum.planting,0.0150339682790343
15,1,1,1,1,NHP,Number.of.castor.bean.farms,0
15,1,1,1,1,NHP,Wheat.planting,0
15,1,1,1,1,NHP,Soya.planting,0
15,1,1,1,1,NHP,Soya.harvesting,0
15,1,1,1,1,both,Logarithm.of.total.population,14.3403451255957
15,1,1,1,1,both,Rainfall,12.9753761926374
15,1,1,1,1,both,EVI,10.239040274202
15,1,1,1,1,both,Night.temperature,9.71806553516925
15,1,1,1,1,both,Diurnal.Nocturnal.temperature.range,7.39259423244101
15,1,1,1,1,both,Number.of.NHP.species,4.77677796349118
15,1,1,1,1,both,Number.of.bean.farms,4.4727452751604
15,1,1,1,1,both,Night.temperature.delay.by.1.month,4.07144052903798
15,1,1,1,1,both,percent.of.population.working.in.agriculture,3.77317082506182
15,1,1,1,1,both,Number.of.corn.farms,3.31833259351675
15,1,1,1,1,both,Day.temperature.delay.by.1.month,2.83954716469207
15,1,1,1,1,both,Night.temperature.delay.by.2.month,2.53549999680292
15,1,1,1,1,both,EVI.delay.by.1.month,2.3891080969771
15,1,1,1,1,both,Day.temperature,1.91868198153167
15,1,1,1,1,both,Rainfall.delay.by.2.month,1.88691368368423
15,1,1,1,1,both,Number.of.sorghum.farms,1.33909131326307
15,1,1,1,1,both,Diurnal.Nocturnal.temperature.range.delay.by.1.month,1.1868092689619
15,1,1,1,1,both,Corn.planting,1.05308044500665
15,1,1,1,1,both,Day.temperature.delay.by.2.month,1.03823426313156
15,1,1,1,1,both,Corn.harvesting,1.0020502842841
15,1,1,1,1,both,Peanut.planting,0.968399591618816
15,1,1,1,1,both,Rainfall.delay.by.1.month,0.967228703071447
15,1,1,1,1,both,Diurnal.Nocturnal.temperature.range.delay.by.2.month,0.942931338797855
15,1,1,1,1,both,Rice.harvesting,0.917537432049548
15,1,1,1,1,both,Number.of.peanut.farms,0.800810189759199
15,1,1,1,1,both,EVI.delay.by.2.month,0.544940986231742
15,1,1,1,1,both,Number.of.wheat.farms,0.489492831189485
15,1,1,1,1,both,Bean.planting,0.457047269687427
15,1,1,1,1,both,Number.of.rice.farms,0.389409141968428
15,1,1,1,1,both,Number.of.soya.farms,0.310330312422404
15,1,1,1,1,both,Rice.planting,0.308127441602806
15,1,1,1,1,both,Bean.harvesting,0.304863436853849
15,1,1,1,1,both,Number.of.castor.bean.farms,0.17372721432513
15,1,1,1,1,both,Peanut.harvesting,0.115379387963971
15,1,1,1,1,both,Castor.bean.harvesting,0.0365789665765668
15,1,1,1,1,both,Soya.planting,0.00629071123269356
15,1,1,1,1,both,Wheat.planting,0
15,1,1,1,1,both,Wheat.harvesting,0
15,1,1,1,1,both,Castor.bean.planting,0
15,1,1,1,1,both,Sorghum.planting,0
15,1,1,1,1,both,Sorghum.harvesting,0
15,1,1,1,1,both,Soya.harvesting,0
